<?xml version="1.0" encoding="UTF-8"?>
<project-private xmlns="http://www.netbeans.org/ns/project-private/1">
    <editor-bookmarks xmlns="http://www.netbeans.org/ns/editor-bookmarks/2" lastBookmarkId="0"/>
    <open-files xmlns="http://www.netbeans.org/ns/projectui-open-files/2">
        <group>
            <file>file:/C:/Users/natem/OneDrive/Desktop/NetBeans%20Project/DS_Library_List_RoundRobin_Fixed/DS_Library_List_RoundRobin_Starter/src/DataStructures/CircularDoublyLinkedList.java</file>
            <file>file:/C:/Users/natem/OneDrive/Desktop/NetBeans%20Project/DS_Library_List_RoundRobin_Fixed/DS_Library_List_RoundRobin_Starter/test/DataStructures/CircularDoublyLinkedListTest.java</file>
        </group>
    </open-files>
</project-private>
